file,doc_type,supplier,invoice_number,invoice_date,currency,subtotal,vat_rate,vat_amount,grand_total,trn,pages,tests,expected_outcome
A01-expense-invoice-AED.pdf,expense_invoice,Horizon Technical Supplies LLC,INV-2026-1001,2026-09-11,AED,"12,040.00",5,602.00,"12,642.00",100445566700003,1,clean baseline; AED; expense_invoice; VAT 5%; line items; totals reconcile,extract cleanly
A02-sales-invoice-USD.pdf,sales_invoice,Meridian Exports FZE,INV-2026-1002,2026-09-12,USD,"12,040.00",0,0.00,"12,040.00",,1,clean baseline; USD; sales_invoice; VAT 0%; line items; totals reconcile,extract cleanly
A03-receipt-EUR.pdf,receipt,Kaufmann Bürobedarf GmbH,INV-2026-1003,2026-09-13,EUR,"12,040.00",20,"2,408.00","14,448.00",,1,clean baseline; EUR; receipt; VAT 20%; line items; totals reconcile,extract cleanly
A04-purchase-order-GBP.pdf,purchase_order,Northgate Industrial Ltd,INV-2026-1004,2026-09-14,GBP,"12,040.00",20,"2,408.00","14,448.00",,1,clean baseline; GBP; purchase_order; VAT 20%; line items; totals reconcile,extract cleanly
A05-expense-invoice-SAR.pdf,expense_invoice,Al Waha Trading Est.,INV-2026-1005,2026-09-15,SAR,"12,040.00",15,"1,806.00","13,846.00",300112233400003,1,clean baseline; SAR; expense_invoice; VAT 15%; line items; totals reconcile,extract cleanly
B01-totals-do-not-reconcile.pdf,expense_invoice,Horizon Technical Supplies LLC,INV-2026-2001,2026-09-12,AED,55.00,5,2.75,57.75,100445566700003,1,CB-06 reconciliation: printed total (55.00) excludes VAT,REJECT approval — HTTP 400 FINANCIAL_RECONCILIATION_FAILED; must not auto-approve
B02-wrong-vat-rate-for-country.pdf,expense_invoice,Gulf Advisory Partners LLC,INV-2026-2002,2026-09-13,AED,55.00,18,9.90,64.90,100778899100003,1,F-02 VAT rate sanity: 18% on a UAE TRN,FLAG for review — rate inconsistent with the supplier country
B03-no-currency-marker.pdf,expense_invoice,Unmarked Trading Co,INV-2026-2003,2026-09-14,,360.00,0,0.00,360.00,,1,O-03 currency detection with no marker present,Currency left empty or flagged — must NOT silently assume AED
C01-scan-clean.png,expense_invoice,Cedar Valley Supplies LLC,INV-2026-3001,2026-09-15,AED,700.00,5,35.00,735.00,100556677800003,1,format handling: PNG; identical content across C01–C03,extract cleanly; all three must agree
C02-scan-clean.jpg,expense_invoice,Cedar Valley Supplies LLC,INV-2026-3001,2026-09-15,AED,700.00,5,35.00,735.00,100556677800003,1,format handling: JPEG; identical content across C01–C03,extract cleanly; all three must agree
C03-scan-clean.tiff,expense_invoice,Cedar Valley Supplies LLC,INV-2026-3001,2026-09-15,AED,700.00,5,35.00,735.00,100556677800003,1,format handling: TIFF; identical content across C01–C03,extract cleanly; all three must agree
C04-phone-photo-blurry.jpg,expense_invoice,Cedar Valley Supplies LLC,INV-2026-3001,2026-09-15,AED,700.00,5,35.00,735.00,100556677800003,1,"degraded capture: blur, skew, sensor noise, JPEG artefacts","lower confidence expected; must route to review, never badge AI Verified (HB-06)"
C05-low-contrast.png,expense_invoice,Cedar Valley Supplies LLC,INV-2026-3001,2026-09-15,AED,700.00,5,35.00,735.00,100556677800003,1,low contrast grey-on-grey,partial or failed extraction; must route to review with no AI Verified badge
C06-multipage-3pages.pdf,expense_invoice,Pinnacle Datacentre LLC,INV-2026-3006,2026-09-16,AED,"5,560.00",5,278.00,"5,838.00",100334455600003,3,multi-page PDF; totals only on page 3; page counting for plan limits,totals read from the final page; counts as 3 pages against the plan allowance
D01-arabic-bilingual.png,expense_invoice,Al Waha Trading Company,INV-2026-4001,2026-09-17,AED,"2,000.00",5,100.00,"2,100.00",100998877600003,1,Arabic + English bilingual; right-to-left script; Arabic numerals,supplier and totals extracted; Arabic must not corrupt the numeric fields
E01-exact-duplicate-of-A01.pdf,expense_invoice,Horizon Technical Supplies LLC,INV-2026-1001,2026-09-11,AED,"12,040.00",5,602.00,"12,642.00",100445566700003,1,duplicate detection: byte-identical copy of A01,flagged as a duplicate of A01; approval blocked until resolved
E02-same-invoice-number-reissued.pdf,expense_invoice,Horizon Technical Supplies LLC,INV-2026-1001,2026-09-11,AED,"12,040.00",5,602.00,"12,642.00",100445566700003,1,"duplicate by invoice number + supplier, different bytes","flagged as a probable duplicate of A01 by fingerprint, not by file hash"
F01-not-a-document.exe,,,,,,,,,,,1,invalid type: real PE/EXE header,"REJECT with a clear 'unsupported file type' message; no processing, no plan usage consumed"
F02-exe-renamed-as.pdf,,,,,,,,,,,1,type spoofing: executable bytes behind a .pdf extension,"REJECT on content sniffing, not on the extension"
F03-empty-file.pdf,,,,,,,,,,,1,zero-byte upload,REJECT with a clear message; must not 500
F04-corrupt-truncated.pdf,,,,,,,,,,,1,"corrupt PDF: valid header, truncated body",REJECT or mark failed with a reason; must not hang or 500
F05-blank-no-text.png,,,,,,,,,,,1,HB-06: nothing to extract,status failed or needs review; MUST NOT be badged 'AI Verified'; empty fields must show no confidence score
F06-oversized-25mb.pdf,,,,,,,,,,,1,upload size limit (~25 MB),"REJECT with a size message before processing; no partial upload left behind, no storage consumed"
